iter	MultiClass
0	6.215734435
1	6.212260011
2	6.209273898
3	6.206225539
4	6.203215868
5	6.200072668
6	6.197022554
7	6.193972971
8	6.19121251
9	6.187608867
10	6.184572654
11	6.181753566
12	6.178706338
13	6.174786322
14	6.17091284
15	6.168047808
16	6.165085358
17	6.162034008
18	6.158840345
19	6.154861097
